user_id,month,feature,efficiency,consumables,comparison,time
001,2025-01,两居室 62㎡ · 全屋清扫,覆盖面积 45㎡ · 清扫时长 38min · 清洁效率 71.1㎡/h,滤网/边刷状态良好，无需更换,首次记录,2025-01
001,2025-02,两居室 62㎡ · 全屋清扫,覆盖面积 47㎡ · 清扫时长 41min · 清洁效率 68.8㎡/h,滤网/边刷状态良好，无需更换,较上月清洁效率下降 2.3%,2025-02
001,2025-03,两居室 62㎡ · 全屋清扫,覆盖面积 49㎡ · 清扫时长 44min · 清洁效率 66.8㎡/h,滤网/边刷状态良好，无需更换,较上月清洁效率下降 2.0%,2025-03
001,2025-04,两居室 62㎡ · 全屋清扫,覆盖面积 51㎡ · 清扫时长 47min · 清洁效率 65.1㎡/h,边刷轻微磨损，建议 1 个月内更换,较上月清洁效率下降 1.7%,2025-04
001,2025-05,两居室 62㎡ · 全屋清扫,覆盖面积 45㎡ · 清扫时长 50min · 清洁效率 54.0㎡/h,边刷轻微磨损，建议 1 个月内更换,较上月清洁效率下降 11.1%,2025-05
001,2025-06,两居室 62㎡ · 全屋清扫,覆盖面积 47㎡ · 清扫时长 53min · 清洁效率 53.2㎡/h,滤网接近寿命上限，建议本月更换,较上月清洁效率下降 0.8%,2025-06
001,2025-07,两居室 62㎡ · 全屋清扫,覆盖面积 49㎡ · 清扫时长 56min · 清洁效率 52.5㎡/h,滤网/边刷状态良好，无需更换,较上月清洁效率下降 0.7%,2025-07
001,2025-08,两居室 62㎡ · 全屋清扫,覆盖面积 51㎡ · 清扫时长 59min · 清洁效率 51.9㎡/h,滤网/边刷状态良好，无需更换,较上月清洁效率下降 0.6%,2025-08
001,2025-09,两居室 62㎡ · 全屋清扫,覆盖面积 45㎡ · 清扫时长 40min · 清洁效率 67.5㎡/h,滤网/边刷状态良好，无需更换,较上月清洁效率提升 15.6%,2025-09
001,2025-10,两居室 62㎡ · 全屋清扫,覆盖面积 47㎡ · 清扫时长 43min · 清洁效率 65.6㎡/h,边刷轻微磨损，建议 1 个月内更换,较上月清洁效率下降 1.9%,2025-10
001,2025-11,两居室 62㎡ · 全屋清扫,覆盖面积 49㎡ · 清扫时长 46min · 清洁效率 63.9㎡/h,边刷轻微磨损，建议 1 个月内更换,较上月清洁效率下降 1.7%,2025-11
001,2025-12,两居室 62㎡ · 全屋清扫,覆盖面积 51㎡ · 清扫时长 49min · 清洁效率 62.4㎡/h,滤网接近寿命上限，建议本月更换,较上月清洁效率下降 1.5%,2025-12
001,2026-01,两居室 62㎡ · 全屋清扫,覆盖面积 45㎡ · 清扫时长 52min · 清洁效率 51.9㎡/h,滤网/边刷状态良好，无需更换,较上月清洁效率下降 10.5%,2026-01
001,2026-02,两居室 62㎡ · 全屋清扫,覆盖面积 47㎡ · 清扫时长 55min · 清洁效率 51.3㎡/h,滤网/边刷状态良好，无需更换,较上月清洁效率下降 0.6%,2026-02
001,2026-03,两居室 62㎡ · 全屋清扫,覆盖面积 49㎡ · 清扫时长 58min · 清洁效率 50.7㎡/h,滤网/边刷状态良好，无需更换,较上月清洁效率下降 0.6%,2026-03
001,2026-04,两居室 62㎡ · 全屋清扫,覆盖面积 51㎡ · 清扫时长 39min · 清洁效率 78.5㎡/h,边刷轻微磨损，建议 1 个月内更换,较上月清洁效率提升 27.8%,2026-04
001,2026-05,两居室 62㎡ · 全屋清扫,覆盖面积 45㎡ · 清扫时长 42min · 清洁效率 64.3㎡/h,边刷轻微磨损，建议 1 个月内更换,较上月清洁效率下降 14.2%,2026-05
001,2026-06,两居室 62㎡ · 全屋清扫,覆盖面积 47㎡ · 清扫时长 45min · 清洁效率 62.7㎡/h,滤网接近寿命上限，建议本月更换,较上月清洁效率下降 1.6%,2026-06
001,2026-07,两居室 62㎡ · 全屋清扫,覆盖面积 49㎡ · 清扫时长 48min · 清洁效率 61.2㎡/h,滤网/边刷状态良好，无需更换,较上月清洁效率下降 1.5%,2026-07
001,2026-08,两居室 62㎡ · 全屋清扫,覆盖面积 51㎡ · 清扫时长 51min · 清洁效率 60.0㎡/h,滤网/边刷状态良好，无需更换,较上月清洁效率下降 1.2%,2026-08
001,2026-09,两居室 62㎡ · 全屋清扫,覆盖面积 45㎡ · 清扫时长 54min · 清洁效率 50.0㎡/h,滤网/边刷状态良好，无需更换,较上月清洁效率下降 10.0%,2026-09
001,2026-10,两居室 62㎡ · 全屋清扫,覆盖面积 47㎡ · 清扫时长 57min · 清洁效率 49.5㎡/h,边刷轻微磨损，建议 1 个月内更换,较上月清洁效率下降 0.5%,2026-10
001,2026-11,两居室 62㎡ · 全屋清扫,覆盖面积 49㎡ · 清扫时长 38min · 清洁效率 77.4㎡/h,边刷轻微磨损，建议 1 个月内更换,较上月清洁效率提升 27.9%,2026-11
001,2026-12,两居室 62㎡ · 全屋清扫,覆盖面积 51㎡ · 清扫时长 41min · 清洁效率 74.6㎡/h,滤网接近寿命上限，建议本月更换,较上月清洁效率下降 2.8%,2026-12
002,2025-01,三居室 89㎡ · 全屋清扫 + 拖地,覆盖面积 55㎡ · 清扫时长 43min · 清洁效率 76.7㎡/h,滤网/边刷状态良好，无需更换,首次记录,2025-01
002,2025-02,三居室 89㎡ · 全屋清扫 + 拖地,覆盖面积 57㎡ · 清扫时长 46min · 清洁效率 74.3㎡/h,滤网/边刷状态良好，无需更换,较上月清洁效率下降 2.4%,2025-02
002,2025-03,三居室 89㎡ · 全屋清扫 + 拖地,覆盖面积 59㎡ · 清扫时长 49min · 清洁效率 72.2㎡/h,滤网/边刷状态良好，无需更换,较上月清洁效率下降 2.1%,2025-03
002,2025-04,三居室 89㎡ · 全屋清扫 + 拖地,覆盖面积 61㎡ · 清扫时长 52min · 清洁效率 70.4㎡/h,边刷轻微磨损，建议 1 个月内更换,较上月清洁效率下降 1.8%,2025-04
002,2025-05,三居室 89㎡ · 全屋清扫 + 拖地,覆盖面积 55㎡ · 清扫时长 55min · 清洁效率 60.0㎡/h,边刷轻微磨损，建议 1 个月内更换,较上月清洁效率下降 10.4%,2025-05
002,2025-06,三居室 89㎡ · 全屋清扫 + 拖地,覆盖面积 57㎡ · 清扫时长 58min · 清洁效率 59.0㎡/h,滤网接近寿命上限，建议本月更换,较上月清洁效率下降 1.0%,2025-06
002,2025-07,三居室 89㎡ · 全屋清扫 + 拖地,覆盖面积 59㎡ · 清扫时长 39min · 清洁效率 90.8㎡/h,滤网/边刷状态良好，无需更换,较上月清洁效率提升 31.8%,2025-07
002,2025-08,三居室 89㎡ · 全屋清扫 + 拖地,覆盖面积 61㎡ · 清扫时长 42min · 清洁效率 87.1㎡/h,滤网/边刷状态良好，无需更换,较上月清洁效率下降 3.7%,2025-08
002,2025-09,三居室 89㎡ · 全屋清扫 + 拖地,覆盖面积 55㎡ · 清扫时长 45min · 清洁效率 73.3㎡/h,滤网/边刷状态良好，无需更换,较上月清洁效率下降 13.8%,2025-09
002,2025-10,三居室 89㎡ · 全屋清扫 + 拖地,覆盖面积 57㎡ · 清扫时长 48min · 清洁效率 71.2㎡/h,边刷轻微磨损，建议 1 个月内更换,较上月清洁效率下降 2.1%,2025-10
002,2025-11,三居室 89㎡ · 全屋清扫 + 拖地,覆盖面积 59㎡ · 清扫时长 51min · 清洁效率 69.4㎡/h,边刷轻微磨损，建议 1 个月内更换,较上月清洁效率下降 1.8%,2025-11
002,2025-12,三居室 89㎡ · 全屋清扫 + 拖地,覆盖面积 61㎡ · 清扫时长 54min · 清洁效率 67.8㎡/h,滤网接近寿命上限，建议本月更换,较上月清洁效率下降 1.6%,2025-12
002,2026-01,三居室 89㎡ · 全屋清扫 + 拖地,覆盖面积 55㎡ · 清扫时长 57min · 清洁效率 57.9㎡/h,滤网/边刷状态良好，无需更换,较上月清洁效率下降 9.9%,2026-01
002,2026-02,三居室 89㎡ · 全屋清扫 + 拖地,覆盖面积 57㎡ · 清扫时长 38min · 清洁效率 90.0㎡/h,滤网/边刷状态良好，无需更换,较上月清洁效率提升 32.1%,2026-02
002,2026-03,三居室 89㎡ · 全屋清扫 + 拖地,覆盖面积 59㎡ · 清扫时长 41min · 清洁效率 86.3㎡/h,滤网/边刷状态良好，无需更换,较上月清洁效率下降 3.7%,2026-03
002,2026-04,三居室 89㎡ · 全屋清扫 + 拖地,覆盖面积 61㎡ · 清扫时长 44min · 清洁效率 83.2㎡/h,边刷轻微磨损，建议 1 个月内更换,较上月清洁效率下降 3.1%,2026-04
002,2026-05,三居室 89㎡ · 全屋清扫 + 拖地,覆盖面积 55㎡ · 清扫时长 47min · 清洁效率 70.2㎡/h,边刷轻微磨损，建议 1 个月内更换,较上月清洁效率下降 13.0%,2026-05
002,2026-06,三居室 89㎡ · 全屋清扫 + 拖地,覆盖面积 57㎡ · 清扫时长 50min · 清洁效率 68.4㎡/h,滤网接近寿命上限，建议本月更换,较上月清洁效率下降 1.8%,2026-06
002,2026-07,三居室 89㎡ · 全屋清扫 + 拖地,覆盖面积 59㎡ · 清扫时长 53min · 清洁效率 66.8㎡/h,滤网/边刷状态良好，无需更换,较上月清洁效率下降 1.6%,2026-07
002,2026-08,三居室 89㎡ · 全屋清扫 + 拖地,覆盖面积 61㎡ · 清扫时长 56min · 清洁效率 65.4㎡/h,滤网/边刷状态良好，无需更换,较上月清洁效率下降 1.4%,2026-08
002,2026-09,三居室 89㎡ · 全屋清扫 + 拖地,覆盖面积 55㎡ · 清扫时长 59min · 清洁效率 55.9㎡/h,滤网/边刷状态良好，无需更换,较上月清洁效率下降 9.5%,2026-09
002,2026-10,三居室 89㎡ · 全屋清扫 + 拖地,覆盖面积 57㎡ · 清扫时长 40min · 清洁效率 85.5㎡/h,边刷轻微磨损，建议 1 个月内更换,较上月清洁效率提升 29.6%,2026-10
002,2026-11,三居室 89㎡ · 全屋清扫 + 拖地,覆盖面积 59㎡ · 清扫时长 43min · 清洁效率 82.3㎡/h,边刷轻微磨损，建议 1 个月内更换,较上月清洁效率下降 3.2%,2026-11
002,2026-12,三居室 89㎡ · 全屋清扫 + 拖地,覆盖面积 61㎡ · 清扫时长 46min · 清洁效率 79.6㎡/h,滤网接近寿命上限，建议本月更换,较上月清洁效率下降 2.7%,2026-12
003,2025-01,复式 118㎡ · 分区清扫,覆盖面积 65㎡ · 清扫时长 48min · 清洁效率 81.2㎡/h,滤网/边刷状态良好，无需更换,首次记录,2025-01
003,2025-02,复式 118㎡ · 分区清扫,覆盖面积 67㎡ · 清扫时长 51min · 清洁效率 78.8㎡/h,滤网/边刷状态良好，无需更换,较上月清洁效率下降 2.4%,2025-02
003,2025-03,复式 118㎡ · 分区清扫,覆盖面积 69㎡ · 清扫时长 54min · 清洁效率 76.7㎡/h,滤网/边刷状态良好，无需更换,较上月清洁效率下降 2.1%,2025-03
003,2025-04,复式 118㎡ · 分区清扫,覆盖面积 71㎡ · 清扫时长 57min · 清洁效率 74.7㎡/h,边刷轻微磨损，建议 1 个月内更换,较上月清洁效率下降 2.0%,2025-04
003,2025-05,复式 118㎡ · 分区清扫,覆盖面积 65㎡ · 清扫时长 38min · 清洁效率 102.6㎡/h,边刷轻微磨损，建议 1 个月内更换,较上月清洁效率提升 27.9%,2025-05
003,2025-06,复式 118㎡ · 分区清扫,覆盖面积 67㎡ · 清扫时长 41min · 清洁效率 98.0㎡/h,滤网接近寿命上限，建议本月更换,较上月清洁效率下降 4.6%,2025-06
003,2025-07,复式 118㎡ · 分区清扫,覆盖面积 69㎡ · 清扫时长 44min · 清洁效率 94.1㎡/h,滤网/边刷状态良好，无需更换,较上月清洁效率下降 3.9%,2025-07
003,2025-08,复式 118㎡ · 分区清扫,覆盖面积 71㎡ · 清扫时长 47min · 清洁效率 90.6㎡/h,滤网/边刷状态良好，无需更换,较上月清洁效率下降 3.5%,2025-08
003,2025-09,复式 118㎡ · 分区清扫,覆盖面积 65㎡ · 清扫时长 50min · 清洁效率 78.0㎡/h,滤网/边刷状态良好，无需更换,较上月清洁效率下降 12.6%,2025-09
003,2025-10,复式 118㎡ · 分区清扫,覆盖面积 67㎡ · 清扫时长 53min · 清洁效率 75.8㎡/h,边刷轻微磨损，建议 1 个月内更换,较上月清洁效率下降 2.2%,2025-10
003,2025-11,复式 118㎡ · 分区清扫,覆盖面积 69㎡ · 清扫时长 56min · 清洁效率 73.9㎡/h,边刷轻微磨损，建议 1 个月内更换,较上月清洁效率下降 1.9%,2025-11
003,2025-12,复式 118㎡ · 分区清扫,覆盖面积 71㎡ · 清扫时长 59min · 清洁效率 72.2㎡/h,滤网接近寿命上限，建议本月更换,较上月清洁效率下降 1.7%,2025-12
003,2026-01,复式 118㎡ · 分区清扫,覆盖面积 65㎡ · 清扫时长 40min · 清洁效率 97.5㎡/h,滤网/边刷状态良好，无需更换,较上月清洁效率提升 25.3%,2026-01
003,2026-02,复式 118㎡ · 分区清扫,覆盖面积 67㎡ · 清扫时长 43min · 清洁效率 93.5㎡/h,滤网/边刷状态良好，无需更换,较上月清洁效率下降 4.0%,2026-02
003,2026-03,复式 118㎡ · 分区清扫,覆盖面积 69㎡ · 清扫时长 46min · 清洁效率 90.0㎡/h,滤网/边刷状态良好，无需更换,较上月清洁效率下降 3.5%,2026-03
003,2026-04,复式 118㎡ · 分区清扫,覆盖面积 71㎡ · 清扫时长 49min · 清洁效率 86.9㎡/h,边刷轻微磨损，建议 1 个月内更换,较上月清洁效率下降 3.1%,2026-04
003,2026-05,复式 118㎡ · 分区清扫,覆盖面积 65㎡ · 清扫时长 52min · 清洁效率 75.0㎡/h,边刷轻微磨损，建议 1 个月内更换,较上月清洁效率下降 11.9%,2026-05
003,2026-06,复式 118㎡ · 分区清扫,覆盖面积 67㎡ · 清扫时长 55min · 清洁效率 73.1㎡/h,滤网接近寿命上限，建议本月更换,较上月清洁效率下降 1.9%,2026-06
003,2026-07,复式 118㎡ · 分区清扫,覆盖面积 69㎡ · 清扫时长 58min · 清洁效率 71.4㎡/h,滤网/边刷状态良好，无需更换,较上月清洁效率下降 1.7%,2026-07
003,2026-08,复式 118㎡ · 分区清扫,覆盖面积 71㎡ · 清扫时长 39min · 清洁效率 109.2㎡/h,滤网/边刷状态良好，无需更换,较上月清洁效率提升 37.8%,2026-08
003,2026-09,复式 118㎡ · 分区清扫,覆盖面积 65㎡ · 清扫时长 42min · 清洁效率 92.9㎡/h,滤网/边刷状态良好，无需更换,较上月清洁效率下降 16.3%,2026-09
003,2026-10,复式 118㎡ · 分区清扫,覆盖面积 67㎡ · 清扫时长 45min · 清洁效率 89.3㎡/h,边刷轻微磨损，建议 1 个月内更换,较上月清洁效率下降 3.6%,2026-10
003,2026-11,复式 118㎡ · 分区清扫,覆盖面积 69㎡ · 清扫时长 48min · 清洁效率 86.2㎡/h,边刷轻微磨损，建议 1 个月内更换,较上月清洁效率下降 3.1%,2026-11
003,2026-12,复式 118㎡ · 分区清扫,覆盖面积 71㎡ · 清扫时长 51min · 清洁效率 83.5㎡/h,滤网接近寿命上限，建议本月更换,较上月清洁效率下降 2.7%,2026-12
004,2025-01,小户型 45㎡ · 每日定时清扫,覆盖面积 75㎡ · 清扫时长 53min · 清洁效率 84.9㎡/h,滤网/边刷状态良好，无需更换,首次记录,2025-01
004,2025-02,小户型 45㎡ · 每日定时清扫,覆盖面积 77㎡ · 清扫时长 56min · 清洁效率 82.5㎡/h,滤网/边刷状态良好，无需更换,较上月清洁效率下降 2.4%,2025-02
004,2025-03,小户型 45㎡ · 每日定时清扫,覆盖面积 79㎡ · 清扫时长 59min · 清洁效率 80.3㎡/h,滤网/边刷状态良好，无需更换,较上月清洁效率下降 2.2%,2025-03
004,2025-04,小户型 45㎡ · 每日定时清扫,覆盖面积 81㎡ · 清扫时长 40min · 清洁效率 121.5㎡/h,边刷轻微磨损，建议 1 个月内更换,较上月清洁效率提升 41.2%,2025-04
004,2025-05,小户型 45㎡ · 每日定时清扫,覆盖面积 75㎡ · 清扫时长 43min · 清洁效率 104.7㎡/h,边刷轻微磨损，建议 1 个月内更换,较上月清洁效率下降 16.8%,2025-05
004,2025-06,小户型 45㎡ · 每日定时清扫,覆盖面积 77㎡ · 清扫时长 46min · 清洁效率 100.4㎡/h,滤网接近寿命上限，建议本月更换,较上月清洁效率下降 4.3%,2025-06
004,2025-07,小户型 45㎡ · 每日定时清扫,覆盖面积 79㎡ · 清扫时长 49min · 清洁效率 96.7㎡/h,滤网/边刷状态良好，无需更换,较上月清洁效率下降 3.7%,2025-07
004,2025-08,小户型 45㎡ · 每日定时清扫,覆盖面积 81㎡ · 清扫时长 52min · 清洁效率 93.5㎡/h,滤网/边刷状态良好，无需更换,较上月清洁效率下降 3.2%,2025-08
004,2025-09,小户型 45㎡ · 每日定时清扫,覆盖面积 75㎡ · 清扫时长 55min · 清洁效率 81.8㎡/h,滤网/边刷状态良好，无需更换,较上月清洁效率下降 11.7%,2025-09
004,2025-10,小户型 45㎡ · 每日定时清扫,覆盖面积 77㎡ · 清扫时长 58min · 清洁效率 79.7㎡/h,边刷轻微磨损，建议 1 个月内更换,较上月清洁效率下降 2.1%,2025-10
004,2025-11,小户型 45㎡ · 每日定时清扫,覆盖面积 79㎡ · 清扫时长 39min · 清洁效率 121.5㎡/h,边刷轻微磨损，建议 1 个月内更换,较上月清洁效率提升 41.8%,2025-11
004,2025-12,小户型 45㎡ · 每日定时清扫,覆盖面积 81㎡ · 清扫时长 42min · 清洁效率 115.7㎡/h,滤网接近寿命上限，建议本月更换,较上月清洁效率下降 5.8%,2025-12
004,2026-01,小户型 45㎡ · 每日定时清扫,覆盖面积 75㎡ · 清扫时长 45min · 清洁效率 100.0㎡/h,滤网/边刷状态良好，无需更换,较上月清洁效率下降 15.7%,2026-01
004,2026-02,小户型 45㎡ · 每日定时清扫,覆盖面积 77㎡ · 清扫时长 48min · 清洁效率 96.2㎡/h,滤网/边刷状态良好，无需更换,较上月清洁效率下降 3.8%,2026-02
004,2026-03,小户型 45㎡ · 每日定时清扫,覆盖面积 79㎡ · 清扫时长 51min · 清洁效率 92.9㎡/h,滤网/边刷状态良好，无需更换,较上月清洁效率下降 3.3%,2026-03
004,2026-04,小户型 45㎡ · 每日定时清扫,覆盖面积 81㎡ · 清扫时长 54min · 清洁效率 90.0㎡/h,边刷轻微磨损，建议 1 个月内更换,较上月清洁效率下降 2.9%,2026-04
004,2026-05,小户型 45㎡ · 每日定时清扫,覆盖面积 75㎡ · 清扫时长 57min · 清洁效率 78.9㎡/h,边刷轻微磨损，建议 1 个月内更换,较上月清洁效率下降 11.1%,2026-05
004,2026-06,小户型 45㎡ · 每日定时清扫,覆盖面积 77㎡ · 清扫时长 38min · 清洁效率 121.6㎡/h,滤网接近寿命上限，建议本月更换,较上月清洁效率提升 42.7%,2026-06
004,2026-07,小户型 45㎡ · 每日定时清扫,覆盖面积 79㎡ · 清扫时长 41min · 清洁效率 115.6㎡/h,滤网/边刷状态良好，无需更换,较上月清洁效率下降 6.0%,2026-07
004,2026-08,小户型 45㎡ · 每日定时清扫,覆盖面积 81㎡ · 清扫时长 44min · 清洁效率 110.5㎡/h,滤网/边刷状态良好，无需更换,较上月清洁效率下降 5.1%,2026-08
004,2026-09,小户型 45㎡ · 每日定时清扫,覆盖面积 75㎡ · 清扫时长 47min · 清洁效率 95.7㎡/h,滤网/边刷状态良好，无需更换,较上月清洁效率下降 14.8%,2026-09
004,2026-10,小户型 45㎡ · 每日定时清扫,覆盖面积 77㎡ · 清扫时长 50min · 清洁效率 92.4㎡/h,边刷轻微磨损，建议 1 个月内更换,较上月清洁效率下降 3.3%,2026-10
004,2026-11,小户型 45㎡ · 每日定时清扫,覆盖面积 79㎡ · 清扫时长 53min · 清洁效率 89.4㎡/h,边刷轻微磨损，建议 1 个月内更换,较上月清洁效率下降 3.0%,2026-11
004,2026-12,小户型 45㎡ · 每日定时清扫,覆盖面积 81㎡ · 清扫时长 56min · 清洁效率 86.8㎡/h,滤网接近寿命上限，建议本月更换,较上月清洁效率下降 2.6%,2026-12
005,2025-01,三居室 96㎡ · 地毯区域禁扫,覆盖面积 85㎡ · 清扫时长 58min · 清洁效率 87.9㎡/h,滤网/边刷状态良好，无需更换,首次记录,2025-01
005,2025-02,三居室 96㎡ · 地毯区域禁扫,覆盖面积 87㎡ · 清扫时长 39min · 清洁效率 133.8㎡/h,滤网/边刷状态良好，无需更换,较上月清洁效率提升 45.9%,2025-02
005,2025-03,三居室 96㎡ · 地毯区域禁扫,覆盖面积 89㎡ · 清扫时长 42min · 清洁效率 127.1㎡/h,滤网/边刷状态良好，无需更换,较上月清洁效率下降 6.7%,2025-03
005,2025-04,三居室 96㎡ · 地毯区域禁扫,覆盖面积 91㎡ · 清扫时长 45min · 清洁效率 121.3㎡/h,边刷轻微磨损，建议 1 个月内更换,较上月清洁效率下降 5.8%,2025-04
005,2025-05,三居室 96㎡ · 地毯区域禁扫,覆盖面积 85㎡ · 清扫时长 48min · 清洁效率 106.2㎡/h,边刷轻微磨损，建议 1 个月内更换,较上月清洁效率下降 15.1%,2025-05
005,2025-06,三居室 96㎡ · 地毯区域禁扫,覆盖面积 87㎡ · 清扫时长 51min · 清洁效率 102.4㎡/h,滤网接近寿命上限，建议本月更换,较上月清洁效率下降 3.8%,2025-06
005,2025-07,三居室 96㎡ · 地毯区域禁扫,覆盖面积 89㎡ · 清扫时长 54min · 清洁效率 98.9㎡/h,滤网/边刷状态良好，无需更换,较上月清洁效率下降 3.5%,2025-07
005,2025-08,三居室 96㎡ · 地毯区域禁扫,覆盖面积 91㎡ · 清扫时长 57min · 清洁效率 95.8㎡/h,滤网/边刷状态良好，无需更换,较上月清洁效率下降 3.1%,2025-08
005,2025-09,三居室 96㎡ · 地毯区域禁扫,覆盖面积 85㎡ · 清扫时长 38min · 清洁效率 134.2㎡/h,滤网/边刷状态良好，无需更换,较上月清洁效率提升 38.4%,2025-09
005,2025-10,三居室 96㎡ · 地毯区域禁扫,覆盖面积 87㎡ · 清扫时长 41min · 清洁效率 127.3㎡/h,边刷轻微磨损，建议 1 个月内更换,较上月清洁效率下降 6.9%,2025-10
005,2025-11,三居室 96㎡ · 地毯区域禁扫,覆盖面积 89㎡ · 清扫时长 44min · 清洁效率 121.4㎡/h,边刷轻微磨损，建议 1 个月内更换,较上月清洁效率下降 5.9%,2025-11
005,2025-12,三居室 96㎡ · 地毯区域禁扫,覆盖面积 91㎡ · 清扫时长 47min · 清洁效率 116.2㎡/h,滤网接近寿命上限，建议本月更换,较上月清洁效率下降 5.2%,2025-12
005,2026-01,三居室 96㎡ · 地毯区域禁扫,覆盖面积 85㎡ · 清扫时长 50min · 清洁效率 102.0㎡/h,滤网/边刷状态良好，无需更换,较上月清洁效率下降 14.2%,2026-01
005,2026-02,三居室 96㎡ · 地毯区域禁扫,覆盖面积 87㎡ · 清扫时长 53min · 清洁效率 98.5㎡/h,滤网/边刷状态良好，无需更换,较上月清洁效率下降 3.5%,2026-02
005,2026-03,三居室 96㎡ · 地毯区域禁扫,覆盖面积 89㎡ · 清扫时长 56min · 清洁效率 95.4㎡/h,滤网/边刷状态良好，无需更换,较上月清洁效率下降 3.1%,2026-03
005,2026-04,三居室 96㎡ · 地毯区域禁扫,覆盖面积 91㎡ · 清扫时长 59min · 清洁效率 92.5㎡/h,边刷轻微磨损，建议 1 个月内更换,较上月清洁效率下降 2.9%,2026-04
005,2026-05,三居室 96㎡ · 地毯区域禁扫,覆盖面积 85㎡ · 清扫时长 40min · 清洁效率 127.5㎡/h,边刷轻微磨损，建议 1 个月内更换,较上月清洁效率提升 35.0%,2026-05
005,2026-06,三居室 96㎡ · 地毯区域禁扫,覆盖面积 87㎡ · 清扫时长 43min · 清洁效率 121.4㎡/h,滤网接近寿命上限，建议本月更换,较上月清洁效率下降 6.1%,2026-06
005,2026-07,三居室 96㎡ · 地毯区域禁扫,覆盖面积 89㎡ · 清扫时长 46min · 清洁效率 116.1㎡/h,滤网/边刷状态良好，无需更换,较上月清洁效率下降 5.3%,2026-07
005,2026-08,三居室 96㎡ · 地毯区域禁扫,覆盖面积 91㎡ · 清扫时长 49min · 清洁效率 111.4㎡/h,滤网/边刷状态良好，无需更换,较上月清洁效率下降 4.7%,2026-08
005,2026-09,三居室 96㎡ · 地毯区域禁扫,覆盖面积 85㎡ · 清扫时长 52min · 清洁效率 98.1㎡/h,滤网/边刷状态良好，无需更换,较上月清洁效率下降 13.3%,2026-09
005,2026-10,三居室 96㎡ · 地毯区域禁扫,覆盖面积 87㎡ · 清扫时长 55min · 清洁效率 94.9㎡/h,边刷轻微磨损，建议 1 个月内更换,较上月清洁效率下降 3.2%,2026-10
005,2026-11,三居室 96㎡ · 地毯区域禁扫,覆盖面积 89㎡ · 清扫时长 58min · 清洁效率 92.1㎡/h,边刷轻微磨损，建议 1 个月内更换,较上月清洁效率下降 2.8%,2026-11
005,2026-12,三居室 96㎡ · 地毯区域禁扫,覆盖面积 91㎡ · 清扫时长 39min · 清洁效率 140.0㎡/h,滤网接近寿命上限，建议本月更换,较上月清洁效率提升 47.9%,2026-12
006,2025-01,两居室 70㎡ · 养宠家庭深度清扫,覆盖面积 95㎡ · 清扫时长 41min · 清洁效率 139.0㎡/h,滤网/边刷状态良好，无需更换,首次记录,2025-01
006,2025-02,两居室 70㎡ · 养宠家庭深度清扫,覆盖面积 97㎡ · 清扫时长 44min · 清洁效率 132.3㎡/h,滤网/边刷状态良好，无需更换,较上月清洁效率下降 6.7%,2025-02
006,2025-03,两居室 70㎡ · 养宠家庭深度清扫,覆盖面积 99㎡ · 清扫时长 47min · 清洁效率 126.4㎡/h,滤网/边刷状态良好，无需更换,较上月清洁效率下降 5.9%,2025-03
006,2025-04,两居室 70㎡ · 养宠家庭深度清扫,覆盖面积 101㎡ · 清扫时长 50min · 清洁效率 121.2㎡/h,边刷轻微磨损，建议 1 个月内更换,较上月清洁效率下降 5.2%,2025-04
006,2025-05,两居室 70㎡ · 养宠家庭深度清扫,覆盖面积 95㎡ · 清扫时长 53min · 清洁效率 107.5㎡/h,边刷轻微磨损，建议 1 个月内更换,较上月清洁效率下降 13.7%,2025-05
006,2025-06,两居室 70㎡ · 养宠家庭深度清扫,覆盖面积 97㎡ · 清扫时长 56min · 清洁效率 103.9㎡/h,滤网接近寿命上限，建议本月更换,较上月清洁效率下降 3.6%,2025-06
006,2025-07,两居室 70㎡ · 养宠家庭深度清扫,覆盖面积 99㎡ · 清扫时长 59min · 清洁效率 100.7㎡/h,滤网/边刷状态良好，无需更换,较上月清洁效率下降 3.2%,2025-07
006,2025-08,两居室 70㎡ · 养宠家庭深度清扫,覆盖面积 101㎡ · 清扫时长 40min · 清洁效率 151.5㎡/h,滤网/边刷状态良好，无需更换,较上月清洁效率提升 50.8%,2025-08
006,2025-09,两居室 70㎡ · 养宠家庭深度清扫,覆盖面积 95㎡ · 清扫时长 43min · 清洁效率 132.6㎡/h,滤网/边刷状态良好，无需更换,较上月清洁效率下降 18.9%,2025-09
006,2025-10,两居室 70㎡ · 养宠家庭深度清扫,覆盖面积 97㎡ · 清扫时长 46min · 清洁效率 126.5㎡/h,边刷轻微磨损，建议 1 个月内更换,较上月清洁效率下降 6.1%,2025-10
006,2025-11,两居室 70㎡ · 养宠家庭深度清扫,覆盖面积 99㎡ · 清扫时长 49min · 清洁效率 121.2㎡/h,边刷轻微磨损，建议 1 个月内更换,较上月清洁效率下降 5.3%,2025-11
006,2025-12,两居室 70㎡ · 养宠家庭深度清扫,覆盖面积 101㎡ · 清扫时长 52min · 清洁效率 116.5㎡/h,滤网接近寿命上限，建议本月更换,较上月清洁效率下降 4.7%,2025-12
006,2026-01,两居室 70㎡ · 养宠家庭深度清扫,覆盖面积 95㎡ · 清扫时长 55min · 清洁效率 103.6㎡/h,滤网/边刷状态良好，无需更换,较上月清洁效率下降 12.9%,2026-01
006,2026-02,两居室 70㎡ · 养宠家庭深度清扫,覆盖面积 97㎡ · 清扫时长 58min · 清洁效率 100.3㎡/h,滤网/边刷状态良好，无需更换,较上月清洁效率下降 3.3%,2026-02
006,2026-03,两居室 70㎡ · 养宠家庭深度清扫,覆盖面积 99㎡ · 清扫时长 39min · 清洁效率 152.3㎡/h,滤网/边刷状态良好，无需更换,较上月清洁效率提升 52.0%,2026-03
006,2026-04,两居室 70㎡ · 养宠家庭深度清扫,覆盖面积 101㎡ · 清扫时长 42min · 清洁效率 144.3㎡/h,边刷轻微磨损，建议 1 个月内更换,较上月清洁效率下降 8.0%,2026-04
006,2026-05,两居室 70㎡ · 养宠家庭深度清扫,覆盖面积 95㎡ · 清扫时长 45min · 清洁效率 126.7㎡/h,边刷轻微磨损，建议 1 个月内更换,较上月清洁效率下降 17.6%,2026-05
006,2026-06,两居室 70㎡ · 养宠家庭深度清扫,覆盖面积 97㎡ · 清扫时长 48min · 清洁效率 121.3㎡/h,滤网接近寿命上限，建议本月更换,较上月清洁效率下降 5.4%,2026-06
006,2026-07,两居室 70㎡ · 养宠家庭深度清扫,覆盖面积 99㎡ · 清扫时长 51min · 清洁效率 116.5㎡/h,滤网/边刷状态良好，无需更换,较上月清洁效率下降 4.8%,2026-07
006,2026-08,两居室 70㎡ · 养宠家庭深度清扫,覆盖面积 101㎡ · 清扫时长 54min · 清洁效率 112.2㎡/h,滤网/边刷状态良好，无需更换,较上月清洁效率下降 4.3%,2026-08
006,2026-09,两居室 70㎡ · 养宠家庭深度清扫,覆盖面积 95㎡ · 清扫时长 57min · 清洁效率 100.0㎡/h,滤网/边刷状态良好，无需更换,较上月清洁效率下降 12.2%,2026-09
006,2026-10,两居室 70㎡ · 养宠家庭深度清扫,覆盖面积 97㎡ · 清扫时长 38min · 清洁效率 153.2㎡/h,边刷轻微磨损，建议 1 个月内更换,较上月清洁效率提升 53.2%,2026-10
006,2026-11,两居室 70㎡ · 养宠家庭深度清扫,覆盖面积 99㎡ · 清扫时长 41min · 清洁效率 144.9㎡/h,边刷轻微磨损，建议 1 个月内更换,较上月清洁效率下降 8.3%,2026-11
006,2026-12,两居室 70㎡ · 养宠家庭深度清扫,覆盖面积 101㎡ · 清扫时长 44min · 清洁效率 137.7㎡/h,滤网接近寿命上限，建议本月更换,较上月清洁效率下降 7.2%,2026-12
007,2025-01,三居室 105㎡ · 全屋清扫 + 拖地,覆盖面积 105㎡ · 清扫时长 46min · 清洁效率 137.0㎡/h,滤网/边刷状态良好，无需更换,首次记录,2025-01
007,2025-02,三居室 105㎡ · 全屋清扫 + 拖地,覆盖面积 107㎡ · 清扫时长 49min · 清洁效率 131.0㎡/h,滤网/边刷状态良好，无需更换,较上月清洁效率下降 6.0%,2025-02
007,2025-03,三居室 105㎡ · 全屋清扫 + 拖地,覆盖面积 109㎡ · 清扫时长 52min · 清洁效率 125.8㎡/h,滤网/边刷状态良好，无需更换,较上月清洁效率下降 5.2%,2025-03
007,2025-04,三居室 105㎡ · 全屋清扫 + 拖地,覆盖面积 111㎡ · 清扫时长 55min · 清洁效率 121.1㎡/h,边刷轻微磨损，建议 1 个月内更换,较上月清洁效率下降 4.7%,2025-04
007,2025-05,三居室 105㎡ · 全屋清扫 + 拖地,覆盖面积 105㎡ · 清扫时长 58min · 清洁效率 108.6㎡/h,边刷轻微磨损，建议 1 个月内更换,较上月清洁效率下降 12.5%,2025-05
007,2025-06,三居室 105㎡ · 全屋清扫 + 拖地,覆盖面积 107㎡ · 清扫时长 39min · 清洁效率 164.6㎡/h,滤网接近寿命上限，建议本月更换,较上月清洁效率提升 56.0%,2025-06
007,2025-07,三居室 105㎡ · 全屋清扫 + 拖地,覆盖面积 109㎡ · 清扫时长 42min · 清洁效率 155.7㎡/h,滤网/边刷状态良好，无需更换,较上月清洁效率下降 8.9%,2025-07
007,2025-08,三居室 105㎡ · 全屋清扫 + 拖地,覆盖面积 111㎡ · 清扫时长 45min · 清洁效率 148.0㎡/h,滤网/边刷状态良好，无需更换,较上月清洁效率下降 7.7%,2025-08
007,2025-09,三居室 105㎡ · 全屋清扫 + 拖地,覆盖面积 105㎡ · 清扫时长 48min · 清洁效率 131.2㎡/h,滤网/边刷状态良好，无需更换,较上月清洁效率下降 16.8%,2025-09
007,2025-10,三居室 105㎡ · 全屋清扫 + 拖地,覆盖面积 107㎡ · 清扫时长 51min · 清洁效率 125.9㎡/h,边刷轻微磨损，建议 1 个月内更换,较上月清洁效率下降 5.3%,2025-10
007,2025-11,三居室 105㎡ · 全屋清扫 + 拖地,覆盖面积 109㎡ · 清扫时长 54min · 清洁效率 121.1㎡/h,边刷轻微磨损，建议 1 个月内更换,较上月清洁效率下降 4.8%,2025-11
007,2025-12,三居室 105㎡ · 全屋清扫 + 拖地,覆盖面积 111㎡ · 清扫时长 57min · 清洁效率 116.8㎡/h,滤网接近寿命上限，建议本月更换,较上月清洁效率下降 4.3%,2025-12
007,2026-01,三居室 105㎡ · 全屋清扫 + 拖地,覆盖面积 105㎡ · 清扫时长 38min · 清洁效率 165.8㎡/h,滤网/边刷状态良好，无需更换,较上月清洁效率提升 49.0%,2026-01
007,2026-02,三居室 105㎡ · 全屋清扫 + 拖地,覆盖面积 107㎡ · 清扫时长 41min · 清洁效率 156.6㎡/h,滤网/边刷状态良好，无需更换,较上月清洁效率下降 9.2%,2026-02
007,2026-03,三居室 105㎡ · 全屋清扫 + 拖地,覆盖面积 109㎡ · 清扫时长 44min · 清洁效率 148.6㎡/h,滤网/边刷状态良好，无需更换,较上月清洁效率下降 8.0%,2026-03
007,2026-04,三居室 105㎡ · 全屋清扫 + 拖地,覆盖面积 111㎡ · 清扫时长 47min · 清洁效率 141.7㎡/h,边刷轻微磨损，建议 1 个月内更换,较上月清洁效率下降 6.9%,2026-04
007,2026-05,三居室 105㎡ · 全屋清扫 + 拖地,覆盖面积 105㎡ · 清扫时长 50min · 清洁效率 126.0㎡/h,边刷轻微磨损，建议 1 个月内更换,较上月清洁效率下降 15.7%,2026-05
007,2026-06,三居室 105㎡ · 全屋清扫 + 拖地,覆盖面积 107㎡ · 清扫时长 53min · 清洁效率 121.1㎡/h,滤网接近寿命上限，建议本月更换,较上月清洁效率下降 4.9%,2026-06
007,2026-07,三居室 105㎡ · 全屋清扫 + 拖地,覆盖面积 109㎡ · 清扫时长 56min · 清洁效率 116.8㎡/h,滤网/边刷状态良好，无需更换,较上月清洁效率下降 4.3%,2026-07
007,2026-08,三居室 105㎡ · 全屋清扫 + 拖地,覆盖面积 111㎡ · 清扫时长 59min · 清洁效率 112.9㎡/h,滤网/边刷状态良好，无需更换,较上月清洁效率下降 3.9%,2026-08
007,2026-09,三居室 105㎡ · 全屋清扫 + 拖地,覆盖面积 105㎡ · 清扫时长 40min · 清洁效率 157.5㎡/h,滤网/边刷状态良好，无需更换,较上月清洁效率提升 44.6%,2026-09
007,2026-10,三居室 105㎡ · 全屋清扫 + 拖地,覆盖面积 107㎡ · 清扫时长 43min · 清洁效率 149.3㎡/h,边刷轻微磨损，建议 1 个月内更换,较上月清洁效率下降 8.2%,2026-10
007,2026-11,三居室 105㎡ · 全屋清扫 + 拖地,覆盖面积 109㎡ · 清扫时长 46min · 清洁效率 142.2㎡/h,边刷轻微磨损，建议 1 个月内更换,较上月清洁效率下降 7.1%,2026-11
007,2026-12,三居室 105㎡ · 全屋清扫 + 拖地,覆盖面积 111㎡ · 清扫时长 49min · 清洁效率 135.9㎡/h,滤网接近寿命上限，建议本月更换,较上月清洁效率下降 6.3%,2026-12
